workerid,prolific_participant_id
427,311
630,619
492,312
409,304
567,609
635,621
457,314
511,305
581,610
433,501
472,202
499,509
587,615
318,<no-id>
512,703
423,309
572,511
334,<no-id>
434,601
575,512
545,401
393,201
487,506
440,502
517,208
425,307
491,701
421,313
469,603
448,602
605,407
628,618
346,<no-id>
610,403
418,207
320,<no-id>
507,216
607,406
467,603
535,510
624,620
541,604
603,408
474,503
576,608
343,<no-id>
326,<no-id>
453,310
401,203
501,508
486,507
495,215
471,213
449,504
426,211
548,605
407,206
584,614
321,<no-id>
475,505
593,404
640,623
460,212
615,409
599,405
